id,code,name
l10n_ar_ux.afip_concept_3,3,INFORMACION NO TRIBUTARIA
l10n_ar_ux.afip_concept_4,4,DNPYA PERMISOS Y PARTES DE PESCA.
l10n_ar_ux.afip_concept_7,7,INTERESES ACREDITACIONES TARDÍAS
l10n_ar_ux.afip_concept_8,8,MULTA RENDICIONES TARDÍAS
l10n_ar_ux.afip_concept_9,9,INFORME ESPECIAL DE CONTADOR PÚBLICO
l10n_ar_ux.afip_concept_10,10,OP.SUJETOS NO RESID. A TRAVÉS DE ENT. FINANCIERAS LOCALES
l10n_ar_ux.afip_concept_12,12,EXENCION EN EL IMPUESTO A LAS GANANCIAS
l10n_ar_ux.afip_concept_19,19,DECLARACIÓN JURADA
l10n_ar_ux.afip_concept_27,27,PAGO A CUENTA
l10n_ar_ux.afip_concept_28,28,PAGO A CUENTA JUGADORES DE FÚTBOL TÍTULO III CAPÍTULO A
l10n_ar_ux.afip_concept_29,29,PAGO A CUENTA JUGADORES DE FÚTBOL TÍTULO III CAPÍTULO B
l10n_ar_ux.afip_concept_31,31,PAGO A CUENTA JUGADORES DE FÚTBOL TÍTULO III CAPÍTULO C
l10n_ar_ux.afip_concept_33,33,REGIMEN INFORMATIVO DE COMPRAS DE MATERIALES A RECICLAR
l10n_ar_ux.afip_concept_35,35,CUOTA PLAN
l10n_ar_ux.afip_concept_36,36,AJUSTE PRESUNTO POR FISCALIZACION LEY 26.476
l10n_ar_ux.afip_concept_40,40,PAGO ANTICIPADO CON REINTEGRO
l10n_ar_ux.afip_concept_41,41,MENSUALIDAD
l10n_ar_ux.afip_concept_43,43,PAGO A CUENTA AUTORRETENCIÓN/AUTOPERCEPCIÓN
l10n_ar_ux.afip_concept_44,44,IVA POR PRESTACIONES DEL EXTERIOR
l10n_ar_ux.afip_concept_47,47,REGIMEN DE ADUANA EN FACTORIA DECRETO 688/02  314/95
l10n_ar_ux.afip_concept_48,48,REGIMEN EXCEPCIONAL DE INGRESO - ARTICULO 4 RG N°3818
l10n_ar_ux.afip_concept_49,49,COOPERATIVAS Y MUTUALES DEPÓSITOS AHORRO A TÉRMINO Y SALDOS
l10n_ar_ux.afip_concept_50,50,REG. INF. DE REORG. DE SOC. Y EMPRESAS-AUTORIZACION PREVIA
l10n_ar_ux.afip_concept_54,54,ARTICULO 27° INCISO C  - ADICIONAL 5% - LEY 26.476
l10n_ar_ux.afip_concept_55,55,LEY 26.476 - ARTICULO 3 - RG 2609 - 2%
l10n_ar_ux.afip_concept_76,76,REGIMEN INFORMATIVO DE COMBUSTIBLES DESTINO INDUSTRIAL
l10n_ar_ux.afip_concept_78,78,AJUSTES
l10n_ar_ux.afip_concept_80,80,DEVOLUCIÓN POR NACIONALIZACIÓN DE VEHICULOS - LEY N° 19.486
l10n_ar_ux.afip_concept_90,90,REPOSICIÓN DE TOKEN
l10n_ar_ux.afip_concept_91,91,COMISIONES POR SERVICIOS DE RECAUDACIÓN
l10n_ar_ux.afip_concept_96,96,AFIP-DGI TARJETAS DE CRÉDITO OPERACIONES CON EL EXTERIOR
l10n_ar_ux.afip_concept_97,97,TARJETAS DE DÉBITO OPERACIONES EN EL EXTERIOR
l10n_ar_ux.afip_concept_98,98,INFORMACION DE CUENTAS FINANCIERAS DE NO RESIDENTES
l10n_ar_ux.afip_concept_99,99,DEVOLUCIÓN REVERSIONES A BANCO ORIGINANTE
l10n_ar_ux.afip_concept_102,102,EMERGENCIA AGROPECUARIA DECRETO 33/09
l10n_ar_ux.afip_concept_103,103,ONCCA CONSULTA SOBRE ESTADO DE DEUDA
l10n_ar_ux.afip_concept_104,104,RÉGIMEN INFORMATIVO MODELOS
l10n_ar_ux.afip_concept_108,108,MULTA
l10n_ar_ux.afip_concept_110,110,DTO.N° 1214/05 - INSCRIPCION DE IMPORTADORES Y EXPORTADORES "A" C/LEYENDA Y "M"
l10n_ar_ux.afip_concept_111,111,R.G. 1469 - SUSTITUCION MEDIDAS CAUTELARES IMP./EXPORT.
l10n_ar_ux.afip_concept_113,113,DECR.1001/82
l10n_ar_ux.afip_concept_114,114,DECR 1001/82 ART. 6° INC A GARANT ACT. AG. TRANSP. ADUANERO
l10n_ar_ux.afip_concept_115,115,DECR 1001/82 ART. 57 GARANTÍA ACTUAC OPERADOR CONTENEDORES
l10n_ar_ux.afip_concept_116,116,DD.JJ DETERM. DE SALDO SIN INTERVENCIÓN AG. BOLSA 314/95
l10n_ar_ux.afip_concept_117,117,RG 7/97 AFIP  GARANTÍA DE ACTUAC TRANSPORT TRANSP INTERIOR
l10n_ar_ux.afip_concept_118,118,ART 208 INC.D  CÓD ADUAN. AG POSEEN DEPÓSITOS FISC HABILITAD
l10n_ar_ux.afip_concept_119,119,EMPR AUTORIZ OPERAR BAJO REGÍM PREVISTOS RG 596 Y 1673 AFIP 
l10n_ar_ux.afip_concept_120,120,R.G. 2665 ATA OPERADOR LOGISTICO SEGURO
l10n_ar_ux.afip_concept_121,121,R.G. 2665 TRANSPORTISTA OPERADOR LOGISTICO SEGURO
l10n_ar_ux.afip_concept_122,122,R.G 2721 PRESTADOR DE SERVICIOS DE ARCHIVOS Y DIGITALIZACION
l10n_ar_ux.afip_concept_123,123,LEY 26457 INCENTIVO FABRIC. MOTOS DESGRAVACION ARANCELARIA
l10n_ar_ux.afip_concept_125,125,LEY 26457 INCENTIVO FABRICACION MOTOS BONO FISCAL
l10n_ar_ux.afip_concept_127,127,LEY 26457 RES 11/2010 SICPYME ART 17 2° PARR - DESG. ARANC
l10n_ar_ux.afip_concept_128,128,LEY 26457 RES 11/2010 SICPYME ART 17 2° PARR - BONO FISCAL
l10n_ar_ux.afip_concept_129,129,PRESTADOR DE SERVICIOS POSTALES COURIER SEGURO
l10n_ar_ux.afip_concept_130,130,PRESTADOR DE SERVICIOS ISTA RG N° 3206
l10n_ar_ux.afip_concept_131,131,PRESTADOR DE SERVICIOS DE ESCANEO RG N° 3249
l10n_ar_ux.afip_concept_132,132,DD.JJ DETERMINATIVA DE SALDO C/ INTERV. AG. BOLSA
l10n_ar_ux.afip_concept_133,133,CONTRIBUCIÓN DIFERENCIAL DE SEGUROS Y BANCOS
l10n_ar_ux.afip_concept_134,134,CONTRIBUCIÓN DIFERENCIAL COMPANÍAS DE SEGURO
l10n_ar_ux.afip_concept_135,135,CONTRIBUCIÓN DIFERENCIAL DGI ADUANA  316/95
l10n_ar_ux.afip_concept_137,137,RÉGIMEN INFORMATIVO DE INSTRUMENTOS FINANCIEROS DERIVADOS
l10n_ar_ux.afip_concept_138,138,FACTURA ELECTRÓNICA-REGIMEN DE INFORMACIÓN DE OPERACIONES
l10n_ar_ux.afip_concept_139,139,SIST.DE REGISTROS Y ACT. DEDUC. DEL IMP. A LAS GANANCIAS
l10n_ar_ux.afip_concept_140,140,MULTA AUTOMATICA
l10n_ar_ux.afip_concept_151,151,REINTEGRO MALLA ANTIGRANIZO
l10n_ar_ux.afip_concept_152,152,REGIMEN ESPECIAL MINERIA
l10n_ar_ux.afip_concept_153,153,APUESTAS ON LINE - APOSTADORES
l10n_ar_ux.afip_concept_154,154,CONTRIBUCIONES SIPA DECRETO 394/2023
l10n_ar_ux.afip_concept_155,155,CONTRIBUCIONES NO SIPA DECRETO 394/2023
l10n_ar_ux.afip_concept_158,158,IMP.CEDULAR RENTAS/INT S/TIT Y VALORES DEP BANCARIOSART.90 1
l10n_ar_ux.afip_concept_159,159,REINTEGRO POR CANCELACIÓN DE INSCRIPCIÓN
l10n_ar_ux.afip_concept_160,160,GARANTÍA ENERGÍAS RENOVABLES DEVOLUCIÓN ANTICIPADA DE IVA
l10n_ar_ux.afip_concept_161,161,GARANTIA ENERGIAS RENOVABLES CERTIFICADO FISCAL  BONO 
l10n_ar_ux.afip_concept_163,163,CONTRATACIONES MANTENIMIENTO DE OFERTA
l10n_ar_ux.afip_concept_164,164,CONTRATACION ADJUDIC EJECUCIÓN O CUMPLIMIENTO DE CONTRATO
l10n_ar_ux.afip_concept_165,165,CONTRATACION ANTICIPO DEL CONTRATO DE SUMINISTRO Y/O SERVICI
l10n_ar_ux.afip_concept_166,166,CONTRATACION SUST FONDO DE REPARO
l10n_ar_ux.afip_concept_167,167,SEG SOC RG 1566 MULTAS POR MORA
l10n_ar_ux.afip_concept_168,168,SEG SOC RG 1566 MULTA P/INCUMPL OMISIONES ETC EXCEPTO MORA
l10n_ar_ux.afip_concept_169,169,BIOTECNOLOGIA DEVOLUCION ANTICIPADA DE IVA
l10n_ar_ux.afip_concept_170,170,SERVICIO RECEPCION DJ COBR Y RECA OBLIG IMPO ADU Y S. SOCIAL
l10n_ar_ux.afip_concept_171,171,VIVIENDA SOCIAL DEVOLUCION ANTICIPADA DE IVA
l10n_ar_ux.afip_concept_172,172,GARANTIA OPERADOR LOGISTICO EXPORTA SIMPLE  OLES 
l10n_ar_ux.afip_concept_173,173,SALIDA Y ADMISIÓN TEMPORAL DE VEHÍCULOS EN ALQUILER  ENYSA 
l10n_ar_ux.afip_concept_183,183,PAGO A CUENTA
l10n_ar_ux.afip_concept_191,191,ANTICIPOS
l10n_ar_ux.afip_concept_192,192,ANTICIPOS PERSONAS FISICAS
l10n_ar_ux.afip_concept_195,195,PAGO A CUENTA FERIA FISCAL
l10n_ar_ux.afip_concept_197,197,EMISIÓN DE OBLIGACIONES NEGOCIABLES
l10n_ar_ux.afip_concept_198,198,SALIDAS NO DOCUMENTADAS
l10n_ar_ux.afip_concept_199,199,DJ INFORMATIVA DE MONOTRIBUTO
l10n_ar_ux.afip_concept_209,209,INFORME INSPECTOR
l10n_ar_ux.afip_concept_211,211,REGIMEN DE INFORMACIÓN DE OPERACIONES DE COMPRAS Y VENTAS
l10n_ar_ux.afip_concept_213,213,CUOTA DECRETO 271/89
l10n_ar_ux.afip_concept_214,214,LEY 25988-INVERSIONES BIENES DE CAPITAL-NUEVAS INVERSIONES
l10n_ar_ux.afip_concept_215,215,LIQ. GCIAS. 4TA. CAT. BAJO RELAC. DEP - RG 4003/17
l10n_ar_ux.afip_concept_222,222,1ER.PAGO PARCIAL DE CUOTA
l10n_ar_ux.afip_concept_223,223,2DO.PAGO PARCIAL DE CUOTA
l10n_ar_ux.afip_concept_224,224,3ER.PAGO PARCIAL DE CUOTA
l10n_ar_ux.afip_concept_225,225,4TO.PAGO PARCIAL DE CUOTA
l10n_ar_ux.afip_concept_226,226,5TO.PAGO PARCIAL DE CUOTA
l10n_ar_ux.afip_concept_227,227,6TO.PAGO PARCIAL DE CUOTA
l10n_ar_ux.afip_concept_228,228,7TO.PAGO PARCIAL DE CUOTA 316/95 PLANES VIGENTES
l10n_ar_ux.afip_concept_229,229,8VO.PAGO PARCIAL DE CUOTA
l10n_ar_ux.afip_concept_230,230,9NO.PAGO PARCIAL DE CUOTA
l10n_ar_ux.afip_concept_231,231,10MO.PAGO PARCIAL DE CUOTA
l10n_ar_ux.afip_concept_232,232,11MO.PAGO PARCIAL DE CUOTA
l10n_ar_ux.afip_concept_233,233,12MO.PAGO PARCIAL DE CUOTA
l10n_ar_ux.afip_concept_234,234,13MO.PAGO PARCIAL DE CUOTA
l10n_ar_ux.afip_concept_235,235,14TO.PAGO PARCIAL DE CUOTA
l10n_ar_ux.afip_concept_236,236,15TO.PAGO PARCIAL DE CUOTA
l10n_ar_ux.afip_concept_237,237,16TO.PAGO PARCIAL DE CUOTA
l10n_ar_ux.afip_concept_238,238,17MO.PAGO PARCIAL DE CUOTA
l10n_ar_ux.afip_concept_239,239,18VO.PAGO PARCIAL DE CUOTA
l10n_ar_ux.afip_concept_248,248,DETERMINACIÓN DE INFRACCIÓN
l10n_ar_ux.afip_concept_249,249,DECLARACION HISTORICA PSP/COURIER
l10n_ar_ux.afip_concept_251,251,DECLARACION PARA CANCELAR TEMPORALES DE IMPORTACION
l10n_ar_ux.afip_concept_252,252,SOLICITUD PARA TRAMITES Y/OCONCSULTAS DE INDOLE ADUANERA
l10n_ar_ux.afip_concept_253,253,SOLICITUD DE DESTINACIÓN SIMPLIFICADA PSP/COURIER
l10n_ar_ux.afip_concept_271,271,CUOTA PLAN CON GARANTIA
l10n_ar_ux.afip_concept_272,272,PAGO A CUENTA CUOTA O TOTAL DE PLAN
l10n_ar_ux.afip_concept_279,279,DDJJ RETRIBUCION A CONSUMIDORES FINALALES TARJETA DEBITO
l10n_ar_ux.afip_concept_285,285,PLAN DE FACILIDADES
l10n_ar_ux.afip_concept_294,294,INF. COMP. IMP. GCIAS. TENEN. ACT. Y PASIVOS EN MON. EXTRAN.
l10n_ar_ux.afip_concept_295,295,INFORMACIÓN COMPLEMENTARIA AJUSTES GANANCIAS PERSONAS JURÍDI
l10n_ar_ux.afip_concept_298,298,NOTA DECLARATIVA
l10n_ar_ux.afip_concept_302,302,CUOTA PRESENTACIÓN ESPONTÁNEA DTOS.271 272  316/95
l10n_ar_ux.afip_concept_310,310,IVA REINTEGRO TURISTAS - IVATUR  EST. CONTABLES E INF. DE AUDIT.
l10n_ar_ux.afip_concept_321,321,IMPUESTO DE IGUALACIÓN NO RETENIDO.
l10n_ar_ux.afip_concept_323,323,AJUSTE PRESUNTO POR FISCALIZACIÓN LEY N° 26.860
l10n_ar_ux.afip_concept_324,324,PAGO GENERICO - BILLETERA ELECTRONICA
l10n_ar_ux.afip_concept_330,330,REG.DE INF.S/ PRESTADORES DE SALUD AD. AL REG. SIMPLIFICADO
l10n_ar_ux.afip_concept_334,334,TRANSFERENCIA BANCARIA INTERNACIONAL RECHAZADA
l10n_ar_ux.afip_concept_335,335,RG 3381 ACTUACIÓN RÉGIMEN EXPORTADORES CARBÓN VEGETAL
l10n_ar_ux.afip_concept_345,345,DETERMINACIÓN DE OFICIO
l10n_ar_ux.afip_concept_353,353,FACILIDADES DE PAGO DTOS. 271 272 Y 316/95
l10n_ar_ux.afip_concept_354,354,DDJJ RETRIBUCION A CONSUMIDORES FINALALES TARJETA CREDITO
l10n_ar_ux.afip_concept_355,355,IVA TRANSF.DE CRÉDITOS DE EXPORTACIONES U OTRAS OPERACIONES
l10n_ar_ux.afip_concept_356,356,TRANSFERENCIA DE SALDOS A FAVOR IVA
l10n_ar_ux.afip_concept_357,357,TRANSFERENCIA SALDO A FAVOR IVA- REINTEGRO BIENES DE CAPITAL
l10n_ar_ux.afip_concept_363,363,RÉGIMEN INFORMATIVO DE TRANSPORTADORAS DE CAUDALES
l10n_ar_ux.afip_concept_364,364,BENEFICIARIO DEL EXTERIOR
l10n_ar_ux.afip_concept_365,365,DECLARACION JURADA CONFIRMACION DE DATOS-ART.85 - LEY 27.260
l10n_ar_ux.afip_concept_366,366,TRANSFERENCIA BANCARIA DEL EXTERIOR
l10n_ar_ux.afip_concept_367,367,OPERACIONES INTERNACIONALES
l10n_ar_ux.afip_concept_370,370,REG INFORMACION APORTE SOLIDARIO Y EXTRAORDINARIO. LEY 27605
l10n_ar_ux.afip_concept_373,373,PAGO ART DECRETO 1771/2015
l10n_ar_ux.afip_concept_375,375,SECRETARÍA DE VIVIENDA - LEY 27467 ART.97 - VIVIENDA SOCIAL
l10n_ar_ux.afip_concept_409,409,DEVOLUCION
l10n_ar_ux.afip_concept_410,410,ORIGEN PARA COMPENSACIÓN LEY 27.541
l10n_ar_ux.afip_concept_413,413,RESPONSABLE SOLIDARIO
l10n_ar_ux.afip_concept_414,414,SOLICITUD DE REINTEGRO POR VENTAS DE BIENES DE CAPITAL
l10n_ar_ux.afip_concept_443,443,REINTEGRO EXPORTACION
l10n_ar_ux.afip_concept_445,445,PAGO PUNTUAL ADMINISTRACIÓN GENERAL DE PUERTOS
l10n_ar_ux.afip_concept_446,446,SOLICITUD DE ACREDITACION / DEVOLUCION IVA EDITORIALES
l10n_ar_ux.afip_concept_450,450,DDJJ - ACTIVIDAD AGROPECUARIA
l10n_ar_ux.afip_concept_451,451,RÉGIMEN INFORMATIVO REGISTRO DE OPERACIONES INMOBILIARIAS
l10n_ar_ux.afip_concept_470,470,REG.INFORMATIVO DE IDENTIF.FISCAL DE SOPORTES PUBLICITARIOS
l10n_ar_ux.afip_concept_471,471,REGIMEN INFORMATIVO DE CONTRATOS DE PUBLICIDAD
l10n_ar_ux.afip_concept_472,472,REGIMEN INFORMATIVO DEL ANUNCIANTE
l10n_ar_ux.afip_concept_494,494,RÉGIMEN INFORMATIVO DE COMISIONES SOBRE JUEGOS DE AZAR
l10n_ar_ux.afip_concept_495,495,REGIMEN INFORMATIVO - OPERACIONES MERC. INTERNO-SUJ. VINC."
l10n_ar_ux.afip_concept_501,501,DIFERENCIAS SEG. SOC. PRE SIPA POLICIA Y SERV. PEN. PROV.
l10n_ar_ux.afip_concept_515,515,PRESENTACIÓN ESPONTÁNEA DTOS.272 316/95 PLANES VIGENTES
l10n_ar_ux.afip_concept_523,523,PERCEPCIÓN
l10n_ar_ux.afip_concept_553,553,AFIP DGI LEY 24467 RÉG.INF. SOCIEDADES DE GARANTÍA RECÍPROCA
l10n_ar_ux.afip_concept_590,590,FACILIDADES PAGO - PLANES VIGENTES DTOS. 272 316/95
l10n_ar_ux.afip_concept_591,591,DDJJ INFORMATIVA PADRON SENASA
l10n_ar_ux.afip_concept_604,604,NOTA INFORMATIVA
l10n_ar_ux.afip_concept_609,609,INVERSORES VINCULADOS CON FUTBOLISTAS PROF.- RÉG.DE INF.
l10n_ar_ux.afip_concept_610,610,REPRESENTANTES DE FUTBOLISTAS PROFESIONALES - REG. DE INF.
l10n_ar_ux.afip_concept_615,615,RÉGIMEN DEV/ACRED/TRANSF IVA - DTOS 567/19 Y 603/19
l10n_ar_ux.afip_concept_616,616,RÉGIMEN DEVOLUCIÓN IVA - ART. 92 - LEY 27.430
l10n_ar_ux.afip_concept_621,621,PAGO DE ARANCELES E INGRESOS VARIOS
l10n_ar_ux.afip_concept_633,633,ACTIVO - UNIDAD DE CANC. DE APORTES PREV. P/TRAB. EN ACT.
l10n_ar_ux.afip_concept_634,634,PASIVO UNIDAD DE PAGO DE DEUDA PREVISIONAL
l10n_ar_ux.afip_concept_671,671,PLANES CADUCOS - CUOTAS VENCIDAS E IMPAGAS DTOS.272 316/95
l10n_ar_ux.afip_concept_672,672,REGIMEN INFORMATIVO - TITULARES PERMISO DE CATEO RG.3692  314/95
l10n_ar_ux.afip_concept_673,673,CAMBIO DE TITULARIDAD  SIN TRASLADO DE HACIENDA 
l10n_ar_ux.afip_concept_674,674,DOCUMENTO DE TRASLADO DE HACIENDA -"DTE"
l10n_ar_ux.afip_concept_698,698,PLANES CADUCOS - CUOTAS AL DÍA DTOS. 272 316/95
l10n_ar_ux.afip_concept_699,699,SERVICIOS DIGITALES IVA - PRESTATARIOS  316/95
l10n_ar_ux.afip_concept_727,727,LIBRO DE IVA DIGITAL - SUJETOS EXENTOS
l10n_ar_ux.afip_concept_734,734,REGIMEN DE INFORMACION RENTAS PASIVAS - FIDEICOMISOS
l10n_ar_ux.afip_concept_736,736,RETENCIONES
l10n_ar_ux.afip_concept_740,740,CONTRATO DE COMPRAVENTA DE GRANOS
l10n_ar_ux.afip_concept_741,741,CONTRATO OFERTA DE ENTREGA DE GRANOS
l10n_ar_ux.afip_concept_742,742,SOLICITUD DE ACREDITACION / DEVOLUCION IVA L. 27629
l10n_ar_ux.afip_concept_743,743,REINTEGRO ACTIVIDAD MINERA RG 5205
l10n_ar_ux.afip_concept_745,745,DEVOLUCIÓN ANTICIPADA IVA
l10n_ar_ux.afip_concept_746,746,F2669 CONTRATOS NO INCLUIDOS EN RG 4653 - PRESENTAC. INICIAL
l10n_ar_ux.afip_concept_747,747,F2670 CONTRATOS NO INCLUIDOS EN RG 4653 -INFO COMPL OBLIGATO
l10n_ar_ux.afip_concept_748,748,F2671- CONTRATOS NO INCLUIDOS EN RG 4653 SOLICITUD ANULACION
l10n_ar_ux.afip_concept_754,754,OPERACIONES EN MONEDA EXTRANJERA - AUTOPERCEPCIÓN
l10n_ar_ux.afip_concept_785,785,SERV.COMUNIC.AUDIOVISUAL. LEY 26.522 ART.96 INCS.B
l10n_ar_ux.afip_concept_795,795,DETERMINACIÓN DE DEUDA CONSOLIDADA DTOS.1829/94 Y 314/95 
l10n_ar_ux.afip_concept_796,796,RÉGIMEN INFORMATIVO- CUOTAS DE MEDICINA PREPAGA
l10n_ar_ux.afip_concept_797,797,RENDICIÓN FACTURA ELECTRÓNICA SERVICIOS PÚBLICOS
l10n_ar_ux.afip_concept_798,798,RÉGIMEN INFORMATIVO DE LOCACIONES TEMPORARIAS
l10n_ar_ux.afip_concept_800,800,PAGO ADUANERO
l10n_ar_ux.afip_concept_801,801,MINISTERIO DE TRANSPORTE-LEY 27430 ART.93-SERV PUB TRANSPORT
l10n_ar_ux.afip_concept_802,802,SOLICITUD DE ACREDITACION / DEVOLUCION IVA L.27430 ART 93
l10n_ar_ux.afip_concept_804,804,RESTITUCION IVA L.27430 ARTICULO93 PROCEDIMIENTO TRANSITORI
l10n_ar_ux.afip_concept_805,805,MINISTERIO DE DESARROLLO PRODUCTIVO - LEY 26270 - BIOTECNOL.
l10n_ar_ux.afip_concept_806,806,SOLICITUD DE ACREDITACION / DEVOLUCION IVA L.26270
l10n_ar_ux.afip_concept_807,807,BENEFICIO AMORTIZACION ACELERADA
l10n_ar_ux.afip_concept_809,809,DECLARACION JURADA
l10n_ar_ux.afip_concept_810,810,REGISTRACIÓN DE OPERACIONES DE GRANOS
l10n_ar_ux.afip_concept_811,811,FIRMA DIGITAL CONTRATOS
l10n_ar_ux.afip_concept_812,812,REGIMEN INFORMATIVO RG 4614 - TITULO II - CUENTAS VIRTUALES  ACRED. Y/O TRANSF.
l10n_ar_ux.afip_concept_813,813,REGISTRO UNICO DE TRANSPORTE AUTOMOTOR R.U.T.A.
l10n_ar_ux.afip_concept_815,815,LIBRO DE IVA DIGITAL
l10n_ar_ux.afip_concept_818,818,FACILIDADES DE PAGO EMPLEADORES DTOS. 270  314/95
l10n_ar_ux.afip_concept_819,819,FAC. DE PAGO-SERV. MÉDICO ASISTENCIALES DTOS. 270 314/95
l10n_ar_ux.afip_concept_820,820,FACILIDADES DE PAGO - AUTÓNOMOS DTOS. 270 314/95
l10n_ar_ux.afip_concept_821,821,FAC.DE PAGO-ASOC. SIND. DE TRAB. Y O.S. DTO. 270 314/95
l10n_ar_ux.afip_concept_823,823,DETERMINACIÓN DE DEUDA CONSOLIDADA DTO.1829/94 Y 314/95
l10n_ar_ux.afip_concept_824,824,FAC. DE PAGO- OBRAS SOCIALES Y 1ER SEG.SOCIAL DTO. 270/95
l10n_ar_ux.afip_concept_825,825,FAC. DE PAGO- SEG. SOCIAL-CUOTAS RESTANTES DTO.270/95
l10n_ar_ux.afip_concept_826,826,FACILIDADES DE PAGO DTO. 493/95
l10n_ar_ux.afip_concept_828,828,FACILIDADES DE PAGO OBRAS SOCIALES DTO.963/95
l10n_ar_ux.afip_concept_829,829,IVA LOCACIONES O PREST SUJETOS DEL EXTERIOR GRAVADAS EN PAIS
l10n_ar_ux.afip_concept_830,830,REGIMEN INFORMATIVO RG 4614 - TITULO I - AGRUPADORES
l10n_ar_ux.afip_concept_831,831,VALORES O DEPOSITO - PAGO UNICO
l10n_ar_ux.afip_concept_834,834,REGIMEN DE INFORMACION DE OPERACIONES COMERCIALES MINORISTAS
l10n_ar_ux.afip_concept_851,851,BAJA CONTROLADORES FISCALES Y/O RECAMBIO MEMORIA FISCAL  EJECUCIÓN O CUMPLIMIENTO DE CONTRATO
l10n_ar_ux.afip_concept_852,852,SOLICITUD DE RECUPERO DE SALDO A FAVOR POR LEY 25924
l10n_ar_ux.afip_concept_853,853,ADMINISTRADORES COUNTRIES Y CONSORCIOS:PAGO DE EXPENSAS
l10n_ar_ux.afip_concept_854,854,RÉGIMEN DE OP. DE COMERCIALIZACIÓN PRIMARIA DE LECHE CRUDA
l10n_ar_ux.afip_concept_855,855,MEMORIA
l10n_ar_ux.afip_concept_856,856,REGINEN INFROMARTIVO DE COMBPROBANTES CLASE "A" RG 3668
l10n_ar_ux.afip_concept_857,857,OPERADORES CON INCONSISTENCIAS EN DJAI
l10n_ar_ux.afip_concept_858,858,REGIMEN DE INFORMACION - TURIVA ALOJAMIENTO
l10n_ar_ux.afip_concept_859,859,IMP. EXTRAORDINARIO A LAS OPERAC. FINANCIERAS ESPECULATIVAS
l10n_ar_ux.afip_concept_860,860,REGIMEN DE INFORMACION - INFORME PAIS POR PAIS - RG 4130
l10n_ar_ux.afip_concept_861,861,RETEN CONTROLADORES FISC - RECOLECCIÓN ELECTRÓNICA DE DATOS
l10n_ar_ux.afip_concept_862,862,ITC-COMPROB.RESPALDATORIOS ADQUISICIONES GAS OIL
l10n_ar_ux.afip_concept_863,863,EXPORTACIONES POR CUENTA DE TERCEROS
l10n_ar_ux.afip_concept_864,864,REGIMEN INFORMACION UTE-F.2665
l10n_ar_ux.afip_concept_865,865,REGIMEN INFORMACION UTE-F.2666
l10n_ar_ux.afip_concept_866,866,RÉG DE FOMENTO NAC USO DE FUENTES RENOV ENERGIA LEY 26190
l10n_ar_ux.afip_concept_867,867,LEY 26092-AR-SAT- RÉGIMEN DE DEVOLUCIÓN ACRED. Y/O TRANSF.
l10n_ar_ux.afip_concept_869,869,AJUSTES POR DIF DE INVENTARIO/TENENCIA S/RESPALDO DOCUMENTAL
l10n_ar_ux.afip_concept_870,870,PÓLIZAS SEGUROS DE CAUCIÓN GARANTÍA - OPERACIONES ADUANERAS
l10n_ar_ux.afip_concept_871,871,PÓLIZAS SEGUROS DE CAUCIÓN GTIA-ACTUACIÓN AGENTES ADUANEROS
l10n_ar_ux.afip_concept_872,872,PÓLIZA ELECTRÓNICA: INSCRIPCIÓN DE IMPORTADORES/EXPORTADORES
l10n_ar_ux.afip_concept_873,873,REGIMEN DE INF. DE OPERAC DE VENTA DE VALORES NEGOCIABLES
l10n_ar_ux.afip_concept_874,874,REGIMEN INFORMACION UTE-F.2663
l10n_ar_ux.afip_concept_875,875,PÓLIZAS SEGUROS DE CAUCIÓN GARANTÍA-OPERACIONES IMPOSITIVAS  316/95
l10n_ar_ux.afip_concept_876,876,RETENCIÓN INDIVIDUAL
l10n_ar_ux.afip_concept_877,877,REGIMEN INFORMACION UTE-F.2664
l10n_ar_ux.afip_concept_878,878,RÉGIMEN DE INFORMACIÓN FIDEICOMISOS FINANC. Y NO FINANC.
l10n_ar_ux.afip_concept_879,879,PÓLIZAS DE SEGURO DE CAUCIÓN RES 11/2010 SICPYME 2° PERIODO
l10n_ar_ux.afip_concept_880,880,OBRAS SOCIALES
l10n_ar_ux.afip_concept_881,881,PROCEDIMIENTO DE SELECCIÓN DE CONTRATOS ADMINISTRATIVOS
l10n_ar_ux.afip_concept_882,882,OPERAC. CON INSTRUMENTOS Y/O CONTRATOS DERIVADOS FINANCIEROS
l10n_ar_ux.afip_concept_883,883,REGIMEN DE INFORMACION DE CONTRATOS MUSICALES
l10n_ar_ux.afip_concept_885,885,FIDEICOMISOS DEL PAIS Y DEL EXTERIOR
l10n_ar_ux.afip_concept_886,886,DEUDA APORTES MAGISTRADOS
l10n_ar_ux.afip_concept_887,887,RÉGIMEN DE REMATES Y SUBASTAS
l10n_ar_ux.afip_concept_888,888,COMERCIALIZACIÓN DE OBRAS DE ARTE
l10n_ar_ux.afip_concept_889,889,EXISTENCIA ANUAL DE OBRAS DE ARTE
l10n_ar_ux.afip_concept_890,890,REGIMEN DE FOMENTO DE INVERSIONES PARA PYMES
l10n_ar_ux.afip_concept_891,891,LEY 26190-IVA- APROB. DE COMPROBANTES VINCULADOS AL PROYECTO
l10n_ar_ux.afip_concept_892,892,APORTE VOLUNTARIO
l10n_ar_ux.afip_concept_893,893,COBERTURA GRUPO FAMILIAR PRIMARIO
l10n_ar_ux.afip_concept_894,894,APORTE POR ADHERENTES
l10n_ar_ux.afip_concept_895,895,DIFERENCIA PROGRAMA MEDICO OBLIGATORIO
l10n_ar_ux.afip_concept_896,896,DIFERENCIA DE CONTRIBUCIONES
l10n_ar_ux.afip_concept_898,898,IVA COMPRAS - CRÉD. FISCAL TEÓRICO DEMERITADO
l10n_ar_ux.afip_concept_899,899,IVA SALDOS - CRÉDITO FISCAL TEÓRICO DEMERITADO
l10n_ar_ux.afip_concept_900,900,ENTIDADES INTERVINIENTES EN EL MERCADO DE CAPITALES
l10n_ar_ux.afip_concept_901,901,CONSULTA DE DATOS DE COMPROBANTES POR LOTE
l10n_ar_ux.afip_concept_902,902,CONSULTA DE MONTOS POR LOTE
l10n_ar_ux.afip_concept_903,903,CONSULTA GLOBAL DE DATOS DE COMPROBANTES POR LOTE
l10n_ar_ux.afip_concept_904,904,PADRÓN DE PRODUCTORES DE GRANOS MONOTRIBUTISTAS
l10n_ar_ux.afip_concept_905,905,DEVOLUCIONES EN EXCESO RG 3420
l10n_ar_ux.afip_concept_907,907,REPORTE RESUMEN DE TOTALES
l10n_ar_ux.afip_concept_908,908,REP.DUP.ELEC.CPTES CLASE "A"
l10n_ar_ux.afip_concept_909,909,REPORTE INFORME DE OPERACIONES ORDENADO POR PRODUCTOS
l10n_ar_ux.afip_concept_910,910,RÉG.INF.TRANSACCIONES ECONÓMICAS RELEVANTES-DOMICILIOS
l10n_ar_ux.afip_concept_911,911,RÉG.INF.TRANSAC.ECONÓMICAS RELEVANTES-CUENTAS Y OPERACIONES
l10n_ar_ux.afip_concept_912,912,IMAGENES SATELITALES
l10n_ar_ux.afip_concept_913,913,SITER-CAPITULO B-TITULOS VALORES PUBLICOS Y PRIVADOS
l10n_ar_ux.afip_concept_915,915,SOLICITUD EXENCION DE RETENCION S/IMP TRANSF DE INMUEBLES
l10n_ar_ux.afip_concept_916,916,LEY 26360-APROBACIÓN DE COMPROBANTES VINCULADOS AL PROYECTO
l10n_ar_ux.afip_concept_917,917,LEY 26360-SOLICITUD DE RECUPERO DE SALDOS A FAVOR
l10n_ar_ux.afip_concept_918,918,AFIP DGI - REGIMEN INFORMATIVO DE CUOTAS ESCUELAS PRIVADAS.
l10n_ar_ux.afip_concept_919,919,LEY 26093 -APROBACIÓN DE COMPROBANTES VINCULADOS AL PROYECTO
l10n_ar_ux.afip_concept_920,920,LEY 26093 - SOLICITUD DE RECUPERO DE SALDOS A FAVOR
l10n_ar_ux.afip_concept_921,921,RÉGIMEN INFORMATIVO DE COMBUSTIBLES EXENTOS-COMBEX
l10n_ar_ux.afip_concept_922,922,DEVOLUCION EN EXCESO
l10n_ar_ux.afip_concept_923,923,INGRESOS Y FAENA DE ANIMALES
l10n_ar_ux.afip_concept_924,924,AFIP DGI-RÉGIMEN INFORMATIVO DE FERIAS
l10n_ar_ux.afip_concept_925,925,LEY 26566-RÉGIMEN ACREDIT.Y/O DEVOL. ANTICIPADA IVA
l10n_ar_ux.afip_concept_926,926,RÉGIMEN INFORMATIVO - CITI - EMPRESAS PROMOVIDAS
l10n_ar_ux.afip_concept_927,927,ESTUDIO DE PRECIOS DE TRANSFERENCIA- ANUAL
l10n_ar_ux.afip_concept_928,928,DDJJ INFORMATIVA ANUAL -PRECIOS DE TRANSFERENCIA-F 969
l10n_ar_ux.afip_concept_929,929,REG.INF. SECTOR PESQUERO MARÍTIMO
l10n_ar_ux.afip_concept_930,930,REGIMEN DE INFORMACION DE VENTAS ANUALES EN MERCADO INTERNO
l10n_ar_ux.afip_concept_931,931,REGIMEN DE INFORMACION DE ACTIVO NO CORRIENTE
l10n_ar_ux.afip_concept_932,932,DIFERENCIA ASEGURADORA RIESGOS DE TRABAJO
l10n_ar_ux.afip_concept_934,934,COOPERATIVAS Y MUTUALES OPERACIONES FINANCIERAS
l10n_ar_ux.afip_concept_935,935,NÓMINA SALARIAL EMPLEADOS PÚBLICOS NO ADHERIDOS AL SIPA
l10n_ar_ux.afip_concept_936,936,LEY 26190-IVA-SOLICITUD DE RECUPERO DE SALDOS A FAVOR
l10n_ar_ux.afip_concept_937,937,LEY26093-APROBACIÓN BENEFICIO AMORTIZACIÓN ACELERADA
l10n_ar_ux.afip_concept_938,938,LEY 26360-APROBACIÓN DEL BENEFICIO DE AMORTIZACION ACELERADA
l10n_ar_ux.afip_concept_939,939,AFIP DGI LEY 26190 - APROB. DEL BENEF. DE AMORTIZ. ACELERADA
l10n_ar_ux.afip_concept_940,940,SOLICITUD CONSTANCIAS DE EXCLUSION DE RETENCIONES GANANCIAS
l10n_ar_ux.afip_concept_941,941,RÉGIMEN INFORMATIVO DE TABACO
l10n_ar_ux.afip_concept_942,942,RÉG. INF. DE REORG. DE SOCIEDADES Y EMPRESAS - FUSIÓN
l10n_ar_ux.afip_concept_943,943,RÉG. INF. DE REORG. DE SOCIEDADES Y EMPRESAS - ESCISIÓN
l10n_ar_ux.afip_concept_944,944,RÉG. INF. DE REORG. DE SOCIEDADES Y EMPRESAS - VENTA Y TRANS
l10n_ar_ux.afip_concept_945,945,CONTROLADORES FISCALES- LECTURA DE DATOS DE MEMORIAS
l10n_ar_ux.afip_concept_946,946,RG 1277-FLOTA FLUVIAL REINT. IMPOSIT. TASA SOBRE EL GASOIL
l10n_ar_ux.afip_concept_947,947,LEY 25360 SALDOS A FAVOR
l10n_ar_ux.afip_concept_948,948,AFIP DGI-PADRON OPERADORES RUCA
l10n_ar_ux.afip_concept_950,950,AFIP DGI - CITI DERECHOS ECONOMIC Y OPERACIONES RELACIONADAS ART 4° PUNTO 1  INC.B  GAR. ACT DESP ADUANA
l10n_ar_ux.afip_concept_951,951,REGISTRO FISCAL DE OPERADORES DE GRANOS
l10n_ar_ux.afip_concept_952,952,SOLICITUD DE EXCLUSION RETENCIONES/PERCEPCIONES IVA
l10n_ar_ux.afip_concept_953,953,MOVIMIENTO DE GRANOS
l10n_ar_ux.afip_concept_954,954,COMBUSTIBLES LIQUIDOS DECRETO 1016
l10n_ar_ux.afip_concept_955,955,REINTEGRO CONSUMO TARJETAS SOCIALES
l10n_ar_ux.afip_concept_956,956,TIT. PROY. PROM. NO INDUSTRIALES-INVERSIONES Y COSTO FISCAL
l10n_ar_ux.afip_concept_957,957,DEC.JURADA DETERMINATIVA DE IMPUESTO
l10n_ar_ux.afip_concept_958,958,DECLARACIÓN ADUANA
l10n_ar_ux.afip_concept_959,959,L. 25924 APROBACIÓN DE COMPROBANTES VINCULADOS AL PROYECTO
l10n_ar_ux.afip_concept_960,960,SICPYME-INFORMATIVO ART.28 LEY DE IVA
l10n_ar_ux.afip_concept_961,961,MERCADO CAMBIARIO
l10n_ar_ux.afip_concept_962,962,LEY 25.988- INVERSIONES EN BIENES DE CAPITAL
l10n_ar_ux.afip_concept_963,963,ONCCA - INFORMACION CARTAS DE PORTE RECIBIDAS
l10n_ar_ux.afip_concept_964,964,DDJJ INFORMATIVA ANUAL-ENTES INDEPENDIENTES F.741/A
l10n_ar_ux.afip_concept_966,966,CITI VENTAS
l10n_ar_ux.afip_concept_967,967,PERSONAL RELACION DEPENDENCIA INF BS PERSONALES RG 1465
l10n_ar_ux.afip_concept_968,968,RÉGIMEN INFORMATIVO DE RANCHO PRODUCTORES
l10n_ar_ux.afip_concept_969,969,RÉGIMEN INFORMATIVO DE RANCHO DISTRIBUIDORES
l10n_ar_ux.afip_concept_970,970,RÉGIMEN INFORMATIVO DE RANCHO ADQUIRENTES
l10n_ar_ux.afip_concept_971,971,DONACIONES EN DINERO O ESPECIE EMPLEADORES
l10n_ar_ux.afip_concept_972,972,RECE- SOLICITUD DE AUTORIZACIÓN DE EMISION DE COMPROBANTES ELEC. 272  316/95
l10n_ar_ux.afip_concept_973,973, DONACIONES EN DINERO O ESPECIE – DONANTE
l10n_ar_ux.afip_concept_974,974,974 "REAR-GENERACION DE INFO REQUERIDA SEGUN PTO 7 ANEXO3.RG1361
l10n_ar_ux.afip_concept_975,975,DDJJ INFORMATIVA ANUAL P.JURIDICA Y P.FISICA-F. 743
l10n_ar_ux.afip_concept_976,976,DDJJ INFORMATIVA SEMESTRAL - ENTES INDEPENDIENTES F. 741
l10n_ar_ux.afip_concept_977,977,DDJJ INFORMATIVA SEMESTRAL-PER.JURIDICA Y PER.FISICA-F.742
l10n_ar_ux.afip_concept_978,978,DDJJ INFORMATIVA ANUAL PERSONA JURIDICA-F.743
l10n_ar_ux.afip_concept_979,979,DDJJ ANUAL INFORMATIVA - PERSONAS FÍSICAS
l10n_ar_ux.afip_concept_980,980,DDJJ INFORMATIVA CINES
l10n_ar_ux.afip_concept_981,981,DDJJ INFORMATIVA
l10n_ar_ux.afip_concept_982,982,DDJJ.INFORMATIVA ACTIV.AGROPECUARIA  272 Y 316/95
l10n_ar_ux.afip_concept_983,983,BOLSA DE CEREALES
l10n_ar_ux.afip_concept_984,984,PARTICIPACIONES SOCIETARIAS
l10n_ar_ux.afip_concept_985,985,CONSUMOS RELEVANTES
l10n_ar_ux.afip_concept_986,986,PRODUCTORES DE SEGUROS
l10n_ar_ux.afip_concept_987,987,REPRESENTANTES DE SUJETOS RESIDENTES EN EL EXTERIOR
l10n_ar_ux.afip_concept_988,988,REP. DEL EXT. - TERCEROS INTERVINIENTES
l10n_ar_ux.afip_concept_989,989,TARJETAS DE CRÉDITO
l10n_ar_ux.afip_concept_990,990,CITI-COMPRAS  272 Y 316/95
l10n_ar_ux.afip_concept_991,991,OPER DE COMPRA Y DESCUENTO C/ENDOSOS O CESION DE DOC
l10n_ar_ux.afip_concept_992,992,CITI ESCRIBANOS
l10n_ar_ux.afip_concept_993,993,GUIA FISCAL HARINERA - ESTABLECIMIENTO MOLINERO
l10n_ar_ux.afip_concept_994,994,GUIA FISCAL HARINERA - USUARIO DEL SERVICIO DE MOLIENDA
l10n_ar_ux.afip_concept_995,995,COMBUSTIBLES EXENTOS - COMBEX
l10n_ar_ux.afip_concept_996,996,COMBUSTIBLES ZONA SUR - COMBSUR
l10n_ar_ux.afip_concept_997,997,SITER ENTIDADES FINANCIERAS
l10n_ar_ux.afip_concept_998,998,SITER COMISIONISTAS
l10n_ar_ux.afip_concept_999,999,DONACIONES EN DINERO O EN ESPECIE - DONATARIOS
